<?xml version="1.0" encoding="utf-8"?>
<!-- Nexus 6 (Shamu XT1100) Picture-in-Picture Camera Configuration -->
<!-- libcamera.c 1.0 + dcam.c Driver Integration -->
<!-- ARMv7-A Snapdragon 805 Optimized -->

<CameraPipConfig version="1.0" xmlns:android="http://schemas.android.com/apk/res/android">
    
    <!-- Nexus 6 Hardware Profile (Sony IMX214 13MP) -->
    <DeviceConfig>
        <model>XT1100</model>
        <codename>shamu</codename>
        <sensor>imx214</sensor>
        <resolution>4128x3096</resolution>
        <pixelclock>320MHz</pixelclock>
        <fov_horizontal>70.1°</fov_horizontal>
        <fov_vertical>55.5°</fov_vertical>
    </DeviceConfig>
    
    <!-- PiP Overlay Window Configuration -->
    <PipWindow>
        <!-- Primary preview size (live viewfinder) -->
        <preview_width>1920</preview_width>
        <preview_height>1080</preview_height>
        <preview_fps>30</preview_fps>
        
        <!-- PiP overlay window (top-right corner) -->
        <pip_width>320</pip_width>
        <pip_height>240</pip_height>
        <pip_fps>60</pip_fps>
        <pip_x_offset>1580</pip_x_offset> <!-- 1920-320-20 margin -->
        <pip_y_offset>20</pip_y_offset>
        
        <!-- Hardware overlay support (MSM8974 MDP) -->
        <overlay_enabled>true</overlay_enabled>
        <z_order>10</z_order>
        <alpha>0.85</alpha>
    </PipWindow>
    
    <!-- libcamera.c + dcam.c Integration -->
    <DriverConfig>
        <!-- Device node mapping -->
        <device_node>/dev/camera0</device_node>
        <libcamera_path>/system/lib/libcamera.so</libcamera_path>
        
        <!-- IOCTL timeout (ms) -->
        <ioctl_timeout>500</ioctl_timeout>
        
        <!-- DMA buffer pool settings -->
        <dma_buffers>16</dma_buffers>
        <dma_buffer_size>3110400</dma_buffer_size> <!-- 1920x1080 YUV420 -->
        <ion_heap>system</ion_heap>
        
        <!-- Stabilizer integration -->
        <stabilizer_enabled>true</stabilizer_enabled>
        <crop_margin>15</crop_margin>
        <gyro_sensitivity>0.005</gyro_sensitivity>
    </DriverConfig>
    
    <!-- Video Pipeline Configuration -->
    <PipPipeline>
        <!-- Main preview pipeline (1080p30) -->
        <main_stream>
            <width>1920</width>
            <height>1080</height>
            <format>YUV_420_888</format>
            <fps>30</fps>
            <bitrate>8000000</bitrate>
        </main_stream>
        
        <!-- PiP sub-stream (VGA60) -->
        <pip_stream>
            <width>640</width>
            <height>480</height>
            <format>YUV_420_888</format>
            <fps>60</fps>
            <bitrate>2000000</bitrate>
        </pip_stream>
        
        <!-- EIS processing -->
        <stabilization>
            <enabled>true</enabled>
            <crop_percent>15</crop_percent>
            <smoothing_frames>16</smoothing_frames>
        </stabilization>
    </PipPipeline>
    
    <!-- Performance Tuning (Snapdragon 805) -->
    <PerformanceTuning>
        <!-- CPU/GPU priority -->
        <render_thread_priority>-10</render_thread_priority>
        <camera_thread_priority>-12</camera_thread_priority>
        
        <!-- Memory management -->
        <max_frame_buffers>16</max_frame_buffers>
        <preview_buffer_size>921600</preview_buffer_size> <!-- 640x480 YUV -->
        <pip_buffer_size>460800</pip_buffer_size> <!-- 320x240 YUV -->
        
        <!-- MDP pipe assignment (Nexus 6 specific) -->
        <mdp_pipe_main>VIG0</mdp_pipe_main>
        <mdp_pipe_pip>VIG1</mdp_pipe_pip>
        
        <!-- Clock scaling -->
        <clk_sensor_max>320000000</clk_sensor_max>
        <clk_isp_max>400000000</clk_isp_max>
    </PerformanceTuning>
    
    <!-- Watchdog & Error Recovery -->
    <WatchdogConfig>
        <timeout_ms>2000</timeout_ms>
        <kick_interval_ms>500</kick_interval_ms>
        <max_dropped_frames>10</max_dropped_frames>
        <recovery_mode>1</recovery_mode> <!-- Re-init camera -->
    </WatchdogConfig>
    
    <!-- Nexus 6 Hardware Pinout (XT1100) -->
    <HardwarePins>
        <cam_power_gpio>82</cam_power_gpio>
        <cam_reset_gpio>83</cam_reset_gpio>
        <cam_af_gpio>84</cam_af_gpio>
        <led_flash_gpio>85</led_flash_gpio>
        <i2c_bus>2</i2c_bus>
        <i2c_addr>0x20</i2c_addr> <!-- IMX214 -->
    </HardwarePins>
    
    <!-- Debug & Logging -->
    <DebugConfig log_level="info">
        <enable_dcam_logs>true</enable_dcam_logs>
        <enable_libcamera_logs>true</enable_libcamera_logs>
        <dma_debug>false</dma_debug>
        <stabilizer_debug>false</stabilizer_debug>
    </DebugConfig>
    
</CameraPipConfig>